ecosystem,environment,name,version,dependency_type,source,license_expression,evidence_url,review_status,redistribution,notes
dart,frontend,async,2.13.1,transitive,https://pub.dev,BSD-3-Clause,https://pub.dev/packages/async/versions/2.13.1,approved,retain license and copyright notices,exact pub.dev archive LICENSE
dart,frontend,boolean_selector,2.1.2,transitive,https://pub.dev,BSD-3-Clause,https://pub.dev/packages/boolean_selector/versions/2.1.2,approved,retain license and copyright notices,exact pub.dev archive LICENSE
dart,frontend,characters,1.4.1,transitive,https://pub.dev,BSD-3-Clause,https://pub.dev/packages/characters/versions/1.4.1,approved,retain license and copyright notices,exact pub.dev archive LICENSE
dart,frontend,clock,1.1.2,transitive,https://pub.dev,Apache-2.0,https://pub.dev/packages/clock/versions/1.1.2,approved,"retain license, copyright, attribution, and upstream NOTICE when present",exact pub.dev archive LICENSE
dart,frontend,collection,1.19.1,transitive,https://pub.dev,BSD-3-Clause,https://pub.dev/packages/collection/versions/1.19.1,approved,retain license and copyright notices,exact pub.dev archive LICENSE
dart,frontend,cupertino_icons,1.0.9,direct-main,https://pub.dev,MIT,https://pub.dev/packages/cupertino_icons/versions/1.0.9,approved,retain license and copyright notices,exact pub.dev archive LICENSE
dart,frontend,fake_async,1.3.3,transitive,https://pub.dev,Apache-2.0,https://pub.dev/packages/fake_async/versions/1.3.3,approved,"retain license, copyright, attribution, and upstream NOTICE when present",exact pub.dev archive LICENSE
dart,frontend,file,7.0.1,transitive,https://pub.dev,BSD-3-Clause,https://pub.dev/packages/file/versions/7.0.1,approved,retain license and copyright notices,exact pub.dev archive LICENSE
dart,frontend,flutter,0.0.0,direct-main,flutter-sdk,BSD-3-Clause,https://github.com/flutter/flutter/blob/ee80f08bbf97172ec030b8751ceab557177a34a6/LICENSE,approved,retain license and copyright notices,Flutter SDK package pinned by frontend/.metadata revision ee80f08bbf97172ec030b8751ceab557177a34a6
dart,frontend,flutter_driver,0.0.0,transitive,flutter-sdk,BSD-3-Clause,https://github.com/flutter/flutter/blob/ee80f08bbf97172ec030b8751ceab557177a34a6/LICENSE,approved,retain license and copyright notices,Flutter SDK package pinned by frontend/.metadata revision ee80f08bbf97172ec030b8751ceab557177a34a6
dart,frontend,flutter_lints,6.0.0,direct-dev,https://pub.dev,BSD-3-Clause,https://pub.dev/packages/flutter_lints/versions/6.0.0,approved,retain license and copyright notices,exact pub.dev archive LICENSE
dart,frontend,flutter_test,0.0.0,direct-dev,flutter-sdk,BSD-3-Clause,https://github.com/flutter/flutter/blob/ee80f08bbf97172ec030b8751ceab557177a34a6/LICENSE,approved,retain license and copyright notices,Flutter SDK package pinned by frontend/.metadata revision ee80f08bbf97172ec030b8751ceab557177a34a6
dart,frontend,fuchsia_remote_debug_protocol,0.0.0,transitive,flutter-sdk,BSD-3-Clause,https://github.com/flutter/flutter/blob/ee80f08bbf97172ec030b8751ceab557177a34a6/LICENSE,approved,retain license and copyright notices,Flutter SDK package pinned by frontend/.metadata revision ee80f08bbf97172ec030b8751ceab557177a34a6
dart,frontend,http,1.6.0,direct-main,https://pub.dev,BSD-3-Clause,https://pub.dev/packages/http/versions/1.6.0,approved,retain license and copyright notices,exact pub.dev archive LICENSE
dart,frontend,http_parser,4.1.2,transitive,https://pub.dev,BSD-3-Clause,https://pub.dev/packages/http_parser/versions/4.1.2,approved,retain license and copyright notices,exact pub.dev archive LICENSE
dart,frontend,integration_test,0.0.0,direct-dev,flutter-sdk,BSD-3-Clause,https://github.com/flutter/flutter/blob/ee80f08bbf97172ec030b8751ceab557177a34a6/LICENSE,approved,retain license and copyright notices,Flutter SDK package pinned by frontend/.metadata revision ee80f08bbf97172ec030b8751ceab557177a34a6
dart,frontend,leak_tracker,11.0.2,transitive,https://pub.dev,BSD-3-Clause,https://pub.dev/packages/leak_tracker/versions/11.0.2,approved,retain license and copyright notices,exact pub.dev archive LICENSE
dart,frontend,leak_tracker_flutter_testing,3.0.10,transitive,https://pub.dev,BSD-3-Clause,https://pub.dev/packages/leak_tracker_flutter_testing/versions/3.0.10,approved,retain license and copyright notices,exact pub.dev archive LICENSE
dart,frontend,leak_tracker_testing,3.0.2,transitive,https://pub.dev,BSD-3-Clause,https://pub.dev/packages/leak_tracker_testing/versions/3.0.2,approved,retain license and copyright notices,exact pub.dev archive LICENSE
dart,frontend,lints,6.1.0,transitive,https://pub.dev,BSD-3-Clause,https://pub.dev/packages/lints/versions/6.1.0,approved,retain license and copyright notices,exact pub.dev archive LICENSE
dart,frontend,matcher,0.12.19,transitive,https://pub.dev,BSD-3-Clause,https://pub.dev/packages/matcher/versions/0.12.19,approved,retain license and copyright notices,exact pub.dev archive LICENSE
dart,frontend,material_color_utilities,0.13.0,transitive,https://pub.dev,Apache-2.0,https://pub.dev/packages/material_color_utilities/versions/0.13.0,approved,"retain license, copyright, attribution, and upstream NOTICE when present",exact pub.dev archive LICENSE
dart,frontend,meta,1.18.0,transitive,https://pub.dev,BSD-3-Clause,https://pub.dev/packages/meta/versions/1.18.0,approved,retain license and copyright notices,exact pub.dev archive LICENSE
dart,frontend,path,1.9.1,transitive,https://pub.dev,BSD-3-Clause,https://pub.dev/packages/path/versions/1.9.1,approved,retain license and copyright notices,exact pub.dev archive LICENSE
dart,frontend,platform,3.1.6,transitive,https://pub.dev,BSD-3-Clause,https://pub.dev/packages/platform/versions/3.1.6,approved,retain license and copyright notices,exact pub.dev archive LICENSE
dart,frontend,process,5.0.5,transitive,https://pub.dev,BSD-3-Clause,https://pub.dev/packages/process/versions/5.0.5,approved,retain license and copyright notices,exact pub.dev archive LICENSE
dart,frontend,sky_engine,0.0.0,transitive,flutter-sdk,BSD-3-Clause,https://github.com/flutter/flutter/blob/ee80f08bbf97172ec030b8751ceab557177a34a6/LICENSE,approved,retain license and copyright notices,Flutter SDK package pinned by frontend/.metadata revision ee80f08bbf97172ec030b8751ceab557177a34a6
dart,frontend,source_span,1.10.2,transitive,https://pub.dev,BSD-3-Clause,https://pub.dev/packages/source_span/versions/1.10.2,approved,retain license and copyright notices,exact pub.dev archive LICENSE
dart,frontend,stack_trace,1.12.1,transitive,https://pub.dev,BSD-3-Clause,https://pub.dev/packages/stack_trace/versions/1.12.1,approved,retain license and copyright notices,exact pub.dev archive LICENSE
dart,frontend,stream_channel,2.1.4,transitive,https://pub.dev,BSD-3-Clause,https://pub.dev/packages/stream_channel/versions/2.1.4,approved,retain license and copyright notices,exact pub.dev archive LICENSE
dart,frontend,string_scanner,1.4.1,transitive,https://pub.dev,BSD-3-Clause,https://pub.dev/packages/string_scanner/versions/1.4.1,approved,retain license and copyright notices,exact pub.dev archive LICENSE
dart,frontend,sync_http,0.3.1,transitive,https://pub.dev,BSD-3-Clause,https://pub.dev/packages/sync_http/versions/0.3.1,approved,retain license and copyright notices,exact pub.dev archive LICENSE
dart,frontend,term_glyph,1.2.2,transitive,https://pub.dev,BSD-3-Clause,https://pub.dev/packages/term_glyph/versions/1.2.2,approved,retain license and copyright notices,exact pub.dev archive LICENSE
dart,frontend,test_api,0.7.11,transitive,https://pub.dev,BSD-3-Clause,https://pub.dev/packages/test_api/versions/0.7.11,approved,retain license and copyright notices,exact pub.dev archive LICENSE
dart,frontend,typed_data,1.4.0,transitive,https://pub.dev,BSD-3-Clause,https://pub.dev/packages/typed_data/versions/1.4.0,approved,retain license and copyright notices,exact pub.dev archive LICENSE
dart,frontend,vector_math,2.2.0,transitive,https://pub.dev,BSD-3-Clause,https://pub.dev/packages/vector_math/versions/2.2.0,approved,retain license and copyright notices,exact pub.dev archive LICENSE
dart,frontend,vm_service,15.2.0,transitive,https://pub.dev,BSD-3-Clause,https://pub.dev/packages/vm_service/versions/15.2.0,approved,retain license and copyright notices,exact pub.dev archive LICENSE
dart,frontend,web,1.1.1,transitive,https://pub.dev,BSD-3-Clause,https://pub.dev/packages/web/versions/1.1.1,approved,retain license and copyright notices,exact pub.dev archive LICENSE
dart,frontend,webdriver,3.1.0,transitive,https://pub.dev,Apache-2.0,https://pub.dev/packages/webdriver/versions/3.1.0,approved,"retain license, copyright, attribution, and upstream NOTICE when present",exact pub.dev archive LICENSE
python,backend,aiohappyeyeballs,2.7.1,transitive,https://pypi.org/simple,PSF-2.0,https://pypi.org/project/aiohappyeyeballs/2.7.1/,approved,retain license and copyright notices,exact PyPI release metadata; classifiers normalized only when unambiguous
python,backend,aiohttp,3.14.1,transitive,https://pypi.org/simple,Apache-2.0 AND MIT,https://pypi.org/project/aiohttp/3.14.1/,approved,"retain license, copyright, attribution, and upstream NOTICE when present",exact PyPI release metadata; classifiers normalized only when unambiguous
python,backend,aiosignal,1.4.0,transitive,https://pypi.org/simple,Apache-2.0,https://pypi.org/project/aiosignal/1.4.0/,approved,"retain license, copyright, attribution, and upstream NOTICE when present",exact PyPI release metadata; classifiers normalized only when unambiguous
python,backend,annotated-doc,0.0.4,transitive,https://pypi.org/simple,MIT,https://pypi.org/project/annotated-doc/0.0.4/,approved,retain license and copyright notices,exact PyPI release metadata; classifiers normalized only when unambiguous
python,backend,annotated-types,0.7.0,transitive,https://pypi.org/simple,MIT,https://pypi.org/project/annotated-types/0.7.0/,approved,retain license and copyright notices,exact PyPI release metadata; classifiers normalized only when unambiguous
python,backend,anyio,4.14.1,transitive,https://pypi.org/simple,MIT,https://pypi.org/project/anyio/4.14.1/,approved,retain license and copyright notices,exact PyPI release metadata; classifiers normalized only when unambiguous
python,backend,async-timeout,5.0.1,transitive,https://pypi.org/simple,Apache-2.0,https://pypi.org/project/async-timeout/5.0.1/,approved,"retain license, copyright, attribution, and upstream NOTICE when present",exact PyPI release metadata; classifiers normalized only when unambiguous
python,backend,attrs,26.1.0,transitive,https://pypi.org/simple,MIT,https://pypi.org/project/attrs/26.1.0/,approved,retain license and copyright notices,exact PyPI release metadata; classifiers normalized only when unambiguous
python,backend,bcrypt,5.0.0,transitive,https://pypi.org/simple,Apache-2.0,https://pypi.org/project/bcrypt/5.0.0/,approved,"retain license, copyright, attribution, and upstream NOTICE when present",exact PyPI release metadata; classifiers normalized only when unambiguous
python,backend,build,1.5.1,transitive,https://pypi.org/simple,MIT,https://pypi.org/project/build/1.5.1/,approved,retain license and copyright notices,exact PyPI release metadata; classifiers normalized only when unambiguous
python,backend,certifi,2026.6.17,transitive,https://pypi.org/simple,MPL-2.0,https://pypi.org/project/certifi/2026.6.17/,approved,retain MPL notices and provide source for modified MPL-covered files,exact PyPI release metadata; classifiers normalized only when unambiguous
python,backend,charset-normalizer,3.4.9,transitive,https://pypi.org/simple,MIT,https://pypi.org/project/charset-normalizer/3.4.9/,approved,retain license and copyright notices,exact PyPI release metadata; classifiers normalized only when unambiguous
python,backend,chromadb,1.5.9,direct-main,https://pypi.org/simple,Apache-2.0,https://pypi.org/project/chromadb/1.5.9/,approved,"retain license, copyright, attribution, and upstream NOTICE when present",exact PyPI release metadata; classifiers normalized only when unambiguous
python,backend,click,8.4.2,transitive,https://pypi.org/simple,BSD-3-Clause,https://pypi.org/project/click/8.4.2/,approved,retain license and copyright notices,exact PyPI release metadata; classifiers normalized only when unambiguous
python,backend,colorama,0.4.6,transitive,https://pypi.org/simple,BSD-3-Clause,https://pypi.org/project/colorama/0.4.6/,approved,retain license and copyright notices,exact PyPI release metadata; classifiers normalized only when unambiguous
python,backend,coloredlogs,15.0.1,transitive,https://pypi.org/simple,MIT,https://pypi.org/project/coloredlogs/15.0.1/,approved,retain license and copyright notices,exact PyPI release metadata; classifiers normalized only when unambiguous
python,backend,content-retrieval-backend,0.1.0,project,virtual:.,Apache-2.0,LICENSE,project-owned,covered by the project Apache-2.0 LICENSE,project package
python,backend,coverage,7.15.0,transitive,https://pypi.org/simple,Apache-2.0,https://pypi.org/project/coverage/7.15.0/,approved,"retain license, copyright, attribution, and upstream NOTICE when present",exact PyPI release metadata; classifiers normalized only when unambiguous
python,backend,durationpy,0.10,transitive,https://pypi.org/simple,MIT,https://pypi.org/project/durationpy/0.10/,approved,retain license and copyright notices,exact PyPI release metadata; classifiers normalized only when unambiguous
python,backend,exceptiongroup,1.3.1,transitive,https://pypi.org/simple,MIT,https://pypi.org/project/exceptiongroup/1.3.1/,approved,retain license and copyright notices,exact PyPI release metadata; classifiers normalized only when unambiguous
python,backend,fastapi,0.139.0,direct-main,https://pypi.org/simple,MIT,https://pypi.org/project/fastapi/0.139.0/,approved,retain license and copyright notices,exact PyPI release metadata; classifiers normalized only when unambiguous
python,backend,filelock,3.29.7,transitive,https://pypi.org/simple,MIT,https://pypi.org/project/filelock/3.29.7/,approved,retain license and copyright notices,exact PyPI release metadata; classifiers normalized only when unambiguous
python,backend,flatbuffers,25.12.19,transitive,https://pypi.org/simple,Apache-2.0,https://pypi.org/project/flatbuffers/25.12.19/,approved,"retain license, copyright, attribution, and upstream NOTICE when present",exact PyPI release metadata; classifiers normalized only when unambiguous
python,backend,frozenlist,1.8.0,transitive,https://pypi.org/simple,Apache-2.0,https://pypi.org/project/frozenlist/1.8.0/,approved,"retain license, copyright, attribution, and upstream NOTICE when present",exact PyPI release metadata; classifiers normalized only when unambiguous
python,backend,fsspec,2026.6.0,transitive,https://pypi.org/simple,BSD-3-Clause,https://pypi.org/project/fsspec/2026.6.0/,approved,retain license and copyright notices,exact PyPI release metadata; classifiers normalized only when unambiguous
python,backend,googleapis-common-protos,1.75.0,transitive,https://pypi.org/simple,Apache-2.0,https://pypi.org/project/googleapis-common-protos/1.75.0/,approved,"retain license, copyright, attribution, and upstream NOTICE when present",exact PyPI release metadata; classifiers normalized only when unambiguous
python,backend,grpcio,1.82.1,transitive,https://pypi.org/simple,Apache-2.0,https://pypi.org/project/grpcio/1.82.1/,approved,"retain license, copyright, attribution, and upstream NOTICE when present",exact PyPI release metadata; classifiers normalized only when unambiguous
python,backend,h11,0.16.0,transitive,https://pypi.org/simple,MIT,https://pypi.org/project/h11/0.16.0/,approved,retain license and copyright notices,exact PyPI release metadata; classifiers normalized only when unambiguous
python,backend,hf-xet,1.5.1,transitive,https://pypi.org/simple,Apache-2.0,https://pypi.org/project/hf-xet/1.5.1/,approved,"retain license, copyright, attribution, and upstream NOTICE when present",exact PyPI release metadata; classifiers normalized only when unambiguous
python,backend,httpcore,1.0.9,transitive,https://pypi.org/simple,BSD-3-Clause,https://pypi.org/project/httpcore/1.0.9/,approved,retain license and copyright notices,exact PyPI release metadata; classifiers normalized only when unambiguous
python,backend,httptools,0.8.0,transitive,https://pypi.org/simple,MIT,https://pypi.org/project/httptools/0.8.0/,approved,retain license and copyright notices,exact PyPI release metadata; classifiers normalized only when unambiguous
python,backend,httpx,0.28.1,direct-main,https://pypi.org/simple,BSD-3-Clause,https://pypi.org/project/httpx/0.28.1/,approved,retain license and copyright notices,exact PyPI release metadata; classifiers normalized only when unambiguous
python,backend,huggingface-hub,1.23.0,transitive,https://pypi.org/simple,Apache-2.0,https://pypi.org/project/huggingface-hub/1.23.0/,approved,"retain license, copyright, attribution, and upstream NOTICE when present",exact PyPI release metadata; classifiers normalized only when unambiguous
python,backend,humanfriendly,10.0,transitive,https://pypi.org/simple,MIT,https://pypi.org/project/humanfriendly/10.0/,approved,retain license and copyright notices,exact PyPI release metadata; classifiers normalized only when unambiguous
python,backend,idna,3.18,transitive,https://pypi.org/simple,BSD-3-Clause,https://pypi.org/project/idna/3.18/,approved,retain license and copyright notices,exact PyPI release metadata; classifiers normalized only when unambiguous
python,backend,importlib-metadata,9.0.0,transitive,https://pypi.org/simple,Apache-2.0,https://pypi.org/project/importlib-metadata/9.0.0/,approved,"retain license, copyright, attribution, and upstream NOTICE when present",exact PyPI release metadata; classifiers normalized only when unambiguous
python,backend,importlib-resources,7.1.0,transitive,https://pypi.org/simple,Apache-2.0,https://pypi.org/project/importlib-resources/7.1.0/,approved,"retain license, copyright, attribution, and upstream NOTICE when present",exact PyPI release metadata; classifiers normalized only when unambiguous
python,backend,iniconfig,2.3.0,transitive,https://pypi.org/simple,MIT,https://pypi.org/project/iniconfig/2.3.0/,approved,retain license and copyright notices,exact PyPI release metadata; classifiers normalized only when unambiguous
python,backend,jinja2,3.1.6,transitive,https://pypi.org/simple,BSD-3-Clause,https://pypi.org/project/jinja2/3.1.6/,approved,retain license and copyright notices,exact PyPI release metadata; classifiers normalized only when unambiguous
python,backend,joblib,1.5.3,transitive,https://pypi.org/simple,BSD-3-Clause,https://pypi.org/project/joblib/1.5.3/,approved,retain license and copyright notices,exact PyPI release metadata; classifiers normalized only when unambiguous
python,backend,jsonschema,4.26.0,transitive,https://pypi.org/simple,MIT,https://pypi.org/project/jsonschema/4.26.0/,approved,retain license and copyright notices,exact PyPI release metadata; classifiers normalized only when unambiguous
python,backend,jsonschema-specifications,2025.9.1,transitive,https://pypi.org/simple,MIT,https://pypi.org/project/jsonschema-specifications/2025.9.1/,approved,retain license and copyright notices,exact PyPI release metadata; classifiers normalized only when unambiguous
python,backend,kubernetes,36.0.2,transitive,https://pypi.org/simple,Apache-2.0,https://pypi.org/project/kubernetes/36.0.2/,approved,"retain license, copyright, attribution, and upstream NOTICE when present",exact PyPI release metadata; classifiers normalized only when unambiguous
python,backend,markdown-it-py,4.2.0,transitive,https://pypi.org/simple,MIT,https://pypi.org/project/markdown-it-py/4.2.0/,approved,retain license and copyright notices,exact PyPI release metadata; classifiers normalized only when unambiguous
python,backend,markupsafe,3.0.3,transitive,https://pypi.org/simple,BSD-3-Clause,https://pypi.org/project/markupsafe/3.0.3/,approved,retain license and copyright notices,exact PyPI release metadata; classifiers normalized only when unambiguous
python,backend,mdurl,0.1.2,transitive,https://pypi.org/simple,MIT,https://pypi.org/project/mdurl/0.1.2/,approved,retain license and copyright notices,exact PyPI release metadata; classifiers normalized only when unambiguous
python,backend,mmh3,5.2.1,transitive,https://pypi.org/simple,MIT,https://pypi.org/project/mmh3/5.2.1/,approved,retain license and copyright notices,exact PyPI release metadata; classifiers normalized only when unambiguous
python,backend,mpmath,1.3.0,transitive,https://pypi.org/simple,BSD-3-Clause,https://pypi.org/project/mpmath/1.3.0/,approved,retain license and copyright notices,exact PyPI release metadata; classifiers normalized only when unambiguous
python,backend,multidict,6.7.1,transitive,https://pypi.org/simple,Apache-2.0,https://pypi.org/project/multidict/6.7.1/,approved,"retain license, copyright, attribution, and upstream NOTICE when present",exact PyPI release metadata; classifiers normalized only when unambiguous
python,backend,networkx,3.4.2,transitive,https://pypi.org/simple,BSD-3-Clause,https://pypi.org/project/networkx/3.4.2/,approved,retain license and copyright notices,exact PyPI release metadata; classifiers normalized only when unambiguous
python,backend,numpy,2.2.6,transitive,https://pypi.org/simple,BSD-3-Clause,https://pypi.org/project/numpy/2.2.6/,approved,retain license and copyright notices,exact PyPI release metadata; classifiers normalized only when unambiguous
python,backend,oauthlib,3.3.1,transitive,https://pypi.org/simple,BSD-3-Clause,https://pypi.org/project/oauthlib/3.3.1/,approved,retain license and copyright notices,exact PyPI release metadata; classifiers normalized only when unambiguous
python,backend,onnxruntime,1.23.2,transitive,https://pypi.org/simple,MIT,https://pypi.org/project/onnxruntime/1.23.2/,approved,retain license and copyright notices,exact PyPI release metadata; classifiers normalized only when unambiguous
python,backend,opentelemetry-api,1.43.0,transitive,https://pypi.org/simple,Apache-2.0,https://pypi.org/project/opentelemetry-api/1.43.0/,approved,"retain license, copyright, attribution, and upstream NOTICE when present",exact PyPI release metadata; classifiers normalized only when unambiguous
python,backend,opentelemetry-exporter-otlp-proto-common,1.43.0,transitive,https://pypi.org/simple,Apache-2.0,https://pypi.org/project/opentelemetry-exporter-otlp-proto-common/1.43.0/,approved,"retain license, copyright, attribution, and upstream NOTICE when present",exact PyPI release metadata; classifiers normalized only when unambiguous
python,backend,opentelemetry-exporter-otlp-proto-grpc,1.43.0,transitive,https://pypi.org/simple,Apache-2.0,https://pypi.org/project/opentelemetry-exporter-otlp-proto-grpc/1.43.0/,approved,"retain license, copyright, attribution, and upstream NOTICE when present",exact PyPI release metadata; classifiers normalized only when unambiguous
python,backend,opentelemetry-proto,1.43.0,transitive,https://pypi.org/simple,Apache-2.0,https://pypi.org/project/opentelemetry-proto/1.43.0/,approved,"retain license, copyright, attribution, and upstream NOTICE when present",exact PyPI release metadata; classifiers normalized only when unambiguous
python,backend,opentelemetry-sdk,1.43.0,transitive,https://pypi.org/simple,Apache-2.0,https://pypi.org/project/opentelemetry-sdk/1.43.0/,approved,"retain license, copyright, attribution, and upstream NOTICE when present",exact PyPI release metadata; classifiers normalized only when unambiguous
python,backend,opentelemetry-semantic-conventions,0.64b0,transitive,https://pypi.org/simple,Apache-2.0,https://pypi.org/project/opentelemetry-semantic-conventions/0.64b0/,approved,"retain license, copyright, attribution, and upstream NOTICE when present",exact PyPI release metadata; classifiers normalized only when unambiguous
python,backend,orjson,3.11.9,transitive,https://pypi.org/simple,MPL-2.0 AND (Apache-2.0 OR MIT),https://pypi.org/project/orjson/3.11.9/,approved,retain MPL notices and provide source for modified MPL-covered files,exact PyPI release metadata; classifiers normalized only when unambiguous
python,backend,overrides,7.7.0,transitive,https://pypi.org/simple,Apache-2.0,https://pypi.org/project/overrides/7.7.0/,approved,"retain license, copyright, attribution, and upstream NOTICE when present",exact PyPI release metadata; classifiers normalized only when unambiguous
python,backend,packaging,26.2,transitive,https://pypi.org/simple,Apache-2.0 OR BSD-2-Clause,https://pypi.org/project/packaging/26.2/,approved,"retain license, copyright, attribution, and upstream NOTICE when present",exact PyPI release metadata; classifiers normalized only when unambiguous
python,backend,pillow,12.3.0,direct-main,https://pypi.org/simple,MIT-CMU,https://pypi.org/project/pillow/12.3.0/,approved,retain license and copyright notices,exact PyPI release metadata; classifiers normalized only when unambiguous
python,backend,pluggy,1.6.0,transitive,https://pypi.org/simple,MIT,https://pypi.org/project/pluggy/1.6.0/,approved,retain license and copyright notices,exact PyPI release metadata; classifiers normalized only when unambiguous
python,backend,propcache,0.5.2,transitive,https://pypi.org/simple,Apache-2.0,https://pypi.org/project/propcache/0.5.2/,approved,"retain license, copyright, attribution, and upstream NOTICE when present",exact PyPI release metadata; classifiers normalized only when unambiguous
python,backend,protobuf,7.35.1,transitive,https://pypi.org/simple,BSD-3-Clause,https://pypi.org/project/protobuf/7.35.1/,approved,retain license and copyright notices,exact PyPI release metadata; classifiers normalized only when unambiguous
python,backend,pybase64,1.4.3,transitive,https://pypi.org/simple,BSD-3-Clause,https://pypi.org/project/pybase64/1.4.3/,approved,retain license and copyright notices,exact PyPI release metadata; classifiers normalized only when unambiguous
python,backend,pydantic,2.13.4,transitive,https://pypi.org/simple,MIT,https://pypi.org/project/pydantic/2.13.4/,approved,retain license and copyright notices,exact PyPI release metadata; classifiers normalized only when unambiguous
python,backend,pydantic-core,2.46.4,transitive,https://pypi.org/simple,MIT,https://pypi.org/project/pydantic-core/2.46.4/,approved,retain license and copyright notices,exact PyPI release metadata; classifiers normalized only when unambiguous
python,backend,pydantic-settings,2.14.2,transitive,https://pypi.org/simple,MIT,https://pypi.org/project/pydantic-settings/2.14.2/,approved,retain license and copyright notices,exact PyPI release metadata; classifiers normalized only when unambiguous
python,backend,pygments,2.20.0,transitive,https://pypi.org/simple,BSD-2-Clause,https://pypi.org/project/pygments/2.20.0/,approved,retain license and copyright notices,exact PyPI release metadata; classifiers normalized only when unambiguous
python,backend,pypdfium2,4.30.0,direct-main,https://pypi.org/simple,(Apache-2.0 OR BSD-3-Clause) AND LicenseRef-PdfiumThirdParty,https://pypi.org/project/pypdfium2/4.30.0/,approved,retain pypdfium2 and PDFium bundled third-party notices,exact PyPI release metadata; classifiers normalized only when unambiguous
python,backend,pypika,0.51.1,transitive,https://pypi.org/simple,Apache-2.0,https://pypi.org/project/pypika/0.51.1/,approved,"retain license, copyright, attribution, and upstream NOTICE when present",exact PyPI release metadata; classifiers normalized only when unambiguous
python,backend,pyproject-hooks,1.2.0,transitive,https://pypi.org/simple,MIT,https://pypi.org/project/pyproject-hooks/1.2.0/,approved,retain license and copyright notices,exact PyPI release metadata; classifiers normalized only when unambiguous
python,backend,pyreadline3,3.5.6,transitive,https://pypi.org/simple,BSD-3-Clause,https://pypi.org/project/pyreadline3/3.5.6/,approved,retain license and copyright notices,exact PyPI release metadata; classifiers normalized only when unambiguous
python,backend,pytest,8.4.2,direct-dev,https://pypi.org/simple,MIT,https://pypi.org/project/pytest/8.4.2/,approved,retain license and copyright notices,exact PyPI release metadata; classifiers normalized only when unambiguous
python,backend,pytest-cov,6.3.0,direct-dev,https://pypi.org/simple,MIT,https://pypi.org/project/pytest-cov/6.3.0/,approved,retain license and copyright notices,exact PyPI release metadata; classifiers normalized only when unambiguous
python,backend,python-dateutil,2.9.0.post0,transitive,https://pypi.org/simple,Apache-2.0 OR BSD-3-Clause,https://pypi.org/project/python-dateutil/2.9.0.post0/,approved,"retain license, copyright, attribution, and upstream NOTICE when present",exact PyPI release metadata; classifiers normalized only when unambiguous
python,backend,python-dotenv,1.2.2,transitive,https://pypi.org/simple,BSD-3-Clause,https://pypi.org/project/python-dotenv/1.2.2/,approved,retain license and copyright notices,exact PyPI release metadata; classifiers normalized only when unambiguous
python,backend,python-multipart,0.0.32,direct-main,https://pypi.org/simple,Apache-2.0,https://pypi.org/project/python-multipart/0.0.32/,approved,"retain license, copyright, attribution, and upstream NOTICE when present",exact PyPI release metadata; classifiers normalized only when unambiguous
python,backend,pyyaml,6.0.3,transitive,https://pypi.org/simple,MIT,https://pypi.org/project/pyyaml/6.0.3/,approved,retain license and copyright notices,exact PyPI release metadata; classifiers normalized only when unambiguous
python,backend,referencing,0.37.0,transitive,https://pypi.org/simple,MIT,https://pypi.org/project/referencing/0.37.0/,approved,retain license and copyright notices,exact PyPI release metadata; classifiers normalized only when unambiguous
python,backend,regex,2026.7.19,transitive,https://pypi.org/simple,Apache-2.0 AND CNRI-Python,https://pypi.org/project/regex/2026.7.19/,approved,"retain license, copyright, attribution, and upstream NOTICE when present",exact PyPI release metadata; classifiers normalized only when unambiguous
python,backend,requests,2.34.2,transitive,https://pypi.org/simple,Apache-2.0,https://pypi.org/project/requests/2.34.2/,approved,"retain license, copyright, attribution, and upstream NOTICE when present",exact PyPI release metadata; classifiers normalized only when unambiguous
python,backend,requests-oauthlib,2.0.0,transitive,https://pypi.org/simple,ISC,https://pypi.org/project/requests-oauthlib/2.0.0/,approved,retain license and copyright notices,exact PyPI release metadata; classifiers normalized only when unambiguous
python,backend,rich,15.0.0,transitive,https://pypi.org/simple,MIT,https://pypi.org/project/rich/15.0.0/,approved,retain license and copyright notices,exact PyPI release metadata; classifiers normalized only when unambiguous
python,backend,rpds-py,0.30.0,transitive,https://pypi.org/simple,MIT,https://pypi.org/project/rpds-py/0.30.0/,approved,retain license and copyright notices,exact PyPI release metadata; classifiers normalized only when unambiguous
python,backend,safetensors,0.8.0,transitive,https://pypi.org/simple,Apache-2.0,https://pypi.org/project/safetensors/0.8.0/,approved,"retain license, copyright, attribution, and upstream NOTICE when present",exact PyPI release metadata; classifiers normalized only when unambiguous
python,backend,scikit-learn,1.7.2,transitive,https://pypi.org/simple,BSD-3-Clause,https://pypi.org/project/scikit-learn/1.7.2/,approved,retain license and copyright notices,exact PyPI release metadata; classifiers normalized only when unambiguous
python,backend,scipy,1.15.3,transitive,https://pypi.org/simple,BSD-3-Clause,https://pypi.org/project/scipy/1.15.3/,approved,retain license and copyright notices,exact PyPI release metadata; classifiers normalized only when unambiguous
python,backend,sentence-transformers,5.6.1,direct-main,https://pypi.org/simple,Apache-2.0,https://pypi.org/project/sentence-transformers/5.6.1/,approved,"retain license, copyright, attribution, and upstream NOTICE when present",exact PyPI release metadata; classifiers normalized only when unambiguous
python,backend,setuptools,83.0.0,transitive,https://pypi.org/simple,MIT,https://pypi.org/project/setuptools/83.0.0/,approved,retain license and copyright notices,exact PyPI release metadata; classifiers normalized only when unambiguous
python,backend,shellingham,1.5.4,transitive,https://pypi.org/simple,ISC,https://pypi.org/project/shellingham/1.5.4/,approved,retain license and copyright notices,exact PyPI release metadata; classifiers normalized only when unambiguous
python,backend,six,1.17.0,transitive,https://pypi.org/simple,MIT,https://pypi.org/project/six/1.17.0/,approved,retain license and copyright notices,exact PyPI release metadata; classifiers normalized only when unambiguous
python,backend,starlette,1.3.1,transitive,https://pypi.org/simple,BSD-3-Clause,https://pypi.org/project/starlette/1.3.1/,approved,retain license and copyright notices,exact PyPI release metadata; classifiers normalized only when unambiguous
python,backend,sympy,1.14.0,transitive,https://pypi.org/simple,BSD-3-Clause,https://pypi.org/project/sympy/1.14.0/,approved,retain license and copyright notices,exact PyPI release metadata; classifiers normalized only when unambiguous
python,backend,tenacity,9.1.4,transitive,https://pypi.org/simple,Apache-2.0,https://pypi.org/project/tenacity/9.1.4/,approved,"retain license, copyright, attribution, and upstream NOTICE when present",exact PyPI release metadata; classifiers normalized only when unambiguous
python,backend,threadpoolctl,3.6.0,transitive,https://pypi.org/simple,BSD-3-Clause,https://pypi.org/project/threadpoolctl/3.6.0/,approved,retain license and copyright notices,exact PyPI release metadata; classifiers normalized only when unambiguous
python,backend,tokenizers,0.22.2,transitive,https://pypi.org/simple,Apache-2.0,https://pypi.org/project/tokenizers/0.22.2/,approved,"retain license, copyright, attribution, and upstream NOTICE when present",exact PyPI release metadata; classifiers normalized only when unambiguous
python,backend,tomli,2.4.1,transitive,https://pypi.org/simple,MIT,https://pypi.org/project/tomli/2.4.1/,approved,retain license and copyright notices,exact PyPI release metadata; classifiers normalized only when unambiguous
python,backend,torch,2.13.0,direct-main,https://download.pytorch.org/whl/cpu,Apache-2.0 AND Apache-2.0 WITH LLVM-exception AND BSD-2-Clause AND BSD-3-Clause AND BSL-1.0 AND MIT,https://pypi.org/project/torch/2.13.0/,approved,"retain license, copyright, attribution, and upstream NOTICE when present",exact PyPI release metadata; classifiers normalized only when unambiguous
python,backend,torch,2.13.0+cpu,direct-main,https://download.pytorch.org/whl/cpu,Apache-2.0 AND Apache-2.0 WITH LLVM-exception AND BSD-2-Clause AND BSD-3-Clause AND BSL-1.0 AND MIT,https://github.com/pytorch/pytorch/blob/v2.13.0/LICENSE,approved,"retain license, copyright, attribution, and upstream NOTICE when present",PyTorch official CPU index distribution
python,backend,tqdm,4.68.4,transitive,https://pypi.org/simple,MPL-2.0 AND MIT,https://pypi.org/project/tqdm/4.68.4/,approved,retain MPL notices and provide source for modified MPL-covered files,exact PyPI release metadata; classifiers normalized only when unambiguous
python,backend,transformers,5.14.1,transitive,https://pypi.org/simple,Apache-2.0,https://pypi.org/project/transformers/5.14.1/,approved,"retain license, copyright, attribution, and upstream NOTICE when present",exact PyPI release metadata; classifiers normalized only when unambiguous
python,backend,typer,0.26.8,transitive,https://pypi.org/simple,MIT,https://pypi.org/project/typer/0.26.8/,approved,retain license and copyright notices,exact PyPI release metadata; classifiers normalized only when unambiguous
python,backend,typing-extensions,4.16.0,transitive,https://pypi.org/simple,PSF-2.0,https://pypi.org/project/typing-extensions/4.16.0/,approved,retain license and copyright notices,exact PyPI release metadata; classifiers normalized only when unambiguous
python,backend,typing-inspection,0.4.2,transitive,https://pypi.org/simple,MIT,https://pypi.org/project/typing-inspection/0.4.2/,approved,retain license and copyright notices,exact PyPI release metadata; classifiers normalized only when unambiguous
python,backend,urllib3,2.7.0,transitive,https://pypi.org/simple,MIT,https://pypi.org/project/urllib3/2.7.0/,approved,retain license and copyright notices,exact PyPI release metadata; classifiers normalized only when unambiguous
python,backend,uvicorn,0.51.0,direct-main,https://pypi.org/simple,BSD-3-Clause,https://pypi.org/project/uvicorn/0.51.0/,approved,retain license and copyright notices,exact PyPI release metadata; classifiers normalized only when unambiguous
python,backend,uvloop,0.22.1,transitive,https://pypi.org/simple,Apache-2.0 OR MIT,https://pypi.org/project/uvloop/0.22.1/,approved,"retain license, copyright, attribution, and upstream NOTICE when present",exact PyPI release metadata; classifiers normalized only when unambiguous
python,backend,watchfiles,1.2.0,transitive,https://pypi.org/simple,MIT,https://pypi.org/project/watchfiles/1.2.0/,approved,retain license and copyright notices,exact PyPI release metadata; classifiers normalized only when unambiguous
python,backend,websocket-client,1.9.0,transitive,https://pypi.org/simple,Apache-2.0,https://pypi.org/project/websocket-client/1.9.0/,approved,"retain license, copyright, attribution, and upstream NOTICE when present",exact PyPI release metadata; classifiers normalized only when unambiguous
python,backend,websockets,16.1,transitive,https://pypi.org/simple,BSD-3-Clause,https://pypi.org/project/websockets/16.1/,approved,retain license and copyright notices,exact PyPI release metadata; classifiers normalized only when unambiguous
python,backend,yarl,1.24.2,transitive,https://pypi.org/simple,Apache-2.0,https://pypi.org/project/yarl/1.24.2/,approved,"retain license, copyright, attribution, and upstream NOTICE when present",exact PyPI release metadata; classifiers normalized only when unambiguous
python,backend,zipp,4.1.0,transitive,https://pypi.org/simple,MIT,https://pypi.org/project/zipp/4.1.0/,approved,retain license and copyright notices,exact PyPI release metadata; classifiers normalized only when unambiguous
python,conversion-tools,absl-py,2.5.0,transitive,https://pypi.org/simple,Apache-2.0,https://pypi.org/project/absl-py/2.5.0/,approved,"retain license, copyright, attribution, and upstream NOTICE when present",exact PyPI release metadata; classifiers normalized only when unambiguous
python,conversion-tools,ai-edge-litert,2.1.2,transitive,https://pypi.org/simple,Apache-2.0,https://pypi.org/project/ai-edge-litert/2.1.2/,approved,"retain license, copyright, attribution, and upstream NOTICE when present",exact PyPI release metadata; classifiers normalized only when unambiguous
python,conversion-tools,ai-edge-quantizer,0.4.2,transitive,https://pypi.org/simple,Apache-2.0,https://pypi.org/project/ai-edge-quantizer/0.4.2/,approved,"retain license, copyright, attribution, and upstream NOTICE when present",exact PyPI release metadata; classifiers normalized only when unambiguous
python,conversion-tools,ai-edge-tensorflow,2.21.0.dev20251110,transitive,https://pypi.org/simple,Apache-2.0,https://pypi.org/project/ai-edge-tensorflow/2.21.0.dev20251110/,approved,"retain license, copyright, attribution, and upstream NOTICE when present",exact PyPI release metadata; classifiers normalized only when unambiguous
python,conversion-tools,astunparse,1.6.3,transitive,https://pypi.org/simple,BSD-3-Clause,https://pypi.org/project/astunparse/1.6.3/,approved,retain license and copyright notices,exact PyPI release metadata; classifiers normalized only when unambiguous
python,conversion-tools,backports-strenum,1.3.1,transitive,https://pypi.org/simple,MIT,https://pypi.org/project/backports-strenum/1.3.1/,approved,retain license and copyright notices,exact PyPI release metadata; classifiers normalized only when unambiguous
python,conversion-tools,certifi,2026.6.17,transitive,https://pypi.org/simple,MPL-2.0,https://pypi.org/project/certifi/2026.6.17/,approved,retain MPL notices and provide source for modified MPL-covered files,exact PyPI release metadata; classifiers normalized only when unambiguous
python,conversion-tools,charset-normalizer,3.4.9,transitive,https://pypi.org/simple,MIT,https://pypi.org/project/charset-normalizer/3.4.9/,approved,retain license and copyright notices,exact PyPI release metadata; classifiers normalized only when unambiguous
python,conversion-tools,colorama,0.4.6,transitive,https://pypi.org/simple,BSD-3-Clause,https://pypi.org/project/colorama/0.4.6/,approved,retain license and copyright notices,exact PyPI release metadata; classifiers normalized only when unambiguous
python,conversion-tools,content-retrieval-conversion-tools,0.1.0,project,virtual:.,Apache-2.0,LICENSE,project-owned,covered by the project Apache-2.0 LICENSE,project package
python,conversion-tools,exceptiongroup,1.3.1,transitive,https://pypi.org/simple,MIT,https://pypi.org/project/exceptiongroup/1.3.1/,approved,retain license and copyright notices,exact PyPI release metadata; classifiers normalized only when unambiguous
python,conversion-tools,filelock,3.29.7,transitive,https://pypi.org/simple,MIT,https://pypi.org/project/filelock/3.29.7/,approved,retain license and copyright notices,exact PyPI release metadata; classifiers normalized only when unambiguous
python,conversion-tools,fire,0.7.1,transitive,https://pypi.org/simple,Apache-2.0,https://pypi.org/project/fire/0.7.1/,approved,"retain license, copyright, attribution, and upstream NOTICE when present",exact PyPI release metadata; classifiers normalized only when unambiguous
python,conversion-tools,flatbuffers,25.12.19,transitive,https://pypi.org/simple,Apache-2.0,https://pypi.org/project/flatbuffers/25.12.19/,approved,"retain license, copyright, attribution, and upstream NOTICE when present",exact PyPI release metadata; classifiers normalized only when unambiguous
python,conversion-tools,fsspec,2026.6.0,transitive,https://pypi.org/simple,BSD-3-Clause,https://pypi.org/project/fsspec/2026.6.0/,approved,retain license and copyright notices,exact PyPI release metadata; classifiers normalized only when unambiguous
python,conversion-tools,ftfy,6.3.1,transitive,https://pypi.org/simple,Apache-2.0,https://pypi.org/project/ftfy/6.3.1/,approved,"retain license, copyright, attribution, and upstream NOTICE when present",exact PyPI release metadata; classifiers normalized only when unambiguous
python,conversion-tools,gast,0.7.0,transitive,https://pypi.org/simple,BSD-3-Clause,https://pypi.org/project/gast/0.7.0/,approved,retain license and copyright notices,exact PyPI release metadata; classifiers normalized only when unambiguous
python,conversion-tools,google-pasta,0.2.0,transitive,https://pypi.org/simple,Apache-2.0,https://pypi.org/project/google-pasta/0.2.0/,approved,"retain license, copyright, attribution, and upstream NOTICE when present",exact PyPI release metadata; classifiers normalized only when unambiguous
python,conversion-tools,grpcio,1.82.1,transitive,https://pypi.org/simple,Apache-2.0,https://pypi.org/project/grpcio/1.82.1/,approved,"retain license, copyright, attribution, and upstream NOTICE when present",exact PyPI release metadata; classifiers normalized only when unambiguous
python,conversion-tools,h5py,3.14.0,transitive,https://pypi.org/simple,BSD-3-Clause,https://pypi.org/project/h5py/3.14.0/,approved,retain license and copyright notices,exact PyPI release metadata; classifiers normalized only when unambiguous
python,conversion-tools,hf-xet,1.5.2rc0,transitive,https://pypi.org/simple,Apache-2.0,https://pypi.org/project/hf-xet/1.5.2rc0/,approved,"retain license, copyright, attribution, and upstream NOTICE when present",exact PyPI release metadata; classifiers normalized only when unambiguous
python,conversion-tools,huggingface-hub,0.36.2,transitive,https://pypi.org/simple,Apache-2.0,https://pypi.org/project/huggingface-hub/0.36.2/,approved,"retain license, copyright, attribution, and upstream NOTICE when present",exact PyPI release metadata; classifiers normalized only when unambiguous
python,conversion-tools,idna,3.18,transitive,https://pypi.org/simple,BSD-3-Clause,https://pypi.org/project/idna/3.18/,approved,retain license and copyright notices,exact PyPI release metadata; classifiers normalized only when unambiguous
python,conversion-tools,immutabledict,4.3.1,transitive,https://pypi.org/simple,MIT,https://pypi.org/project/immutabledict/4.3.1/,approved,retain license and copyright notices,exact PyPI release metadata; classifiers normalized only when unambiguous
python,conversion-tools,iniconfig,2.3.0,transitive,https://pypi.org/simple,MIT,https://pypi.org/project/iniconfig/2.3.0/,approved,retain license and copyright notices,exact PyPI release metadata; classifiers normalized only when unambiguous
python,conversion-tools,jax,0.6.2,transitive,https://pypi.org/simple,Apache-2.0,https://pypi.org/project/jax/0.6.2/,approved,"retain license, copyright, attribution, and upstream NOTICE when present",exact PyPI release metadata; classifiers normalized only when unambiguous
python,conversion-tools,jaxlib,0.6.2,transitive,https://pypi.org/simple,Apache-2.0,https://pypi.org/project/jaxlib/0.6.2/,approved,"retain license, copyright, attribution, and upstream NOTICE when present",exact PyPI release metadata; classifiers normalized only when unambiguous
python,conversion-tools,jaxtyping,0.3.7,transitive,https://pypi.org/simple,MIT,https://pypi.org/project/jaxtyping/0.3.7/,approved,retain license and copyright notices,exact PyPI release metadata; classifiers normalized only when unambiguous
python,conversion-tools,jinja2,3.1.6,transitive,https://pypi.org/simple,BSD-3-Clause,https://pypi.org/project/jinja2/3.1.6/,approved,retain license and copyright notices,exact PyPI release metadata; classifiers normalized only when unambiguous
python,conversion-tools,kagglehub,1.0.2,transitive,https://pypi.org/simple,Apache-2.0,https://pypi.org/project/kagglehub/1.0.2/,approved,"retain license, copyright, attribution, and upstream NOTICE when present",exact PyPI release metadata; classifiers normalized only when unambiguous
python,conversion-tools,kagglesdk,0.1.28,transitive,https://pypi.org/simple,Apache-2.0,https://pypi.org/project/kagglesdk/0.1.28/,approved,"retain license, copyright, attribution, and upstream NOTICE when present",exact PyPI release metadata; classifiers normalized only when unambiguous
python,conversion-tools,keras-nightly,3.12.0.dev2025100703,transitive,https://pypi.org/simple,Apache-2.0,https://pypi.org/project/keras-nightly/3.12.0.dev2025100703/,approved,"retain license, copyright, attribution, and upstream NOTICE when present",exact PyPI release metadata; classifiers normalized only when unambiguous
python,conversion-tools,libclang,18.1.1,transitive,https://pypi.org/simple,Apache-2.0,https://pypi.org/project/libclang/18.1.1/,approved,"retain license, copyright, attribution, and upstream NOTICE when present",exact PyPI release metadata; classifiers normalized only when unambiguous
python,conversion-tools,litert-torch,0.8.0,direct-main,https://pypi.org/simple,Apache-2.0,https://pypi.org/project/litert-torch/0.8.0/,approved,"retain license, copyright, attribution, and upstream NOTICE when present",exact PyPI release metadata; classifiers normalized only when unambiguous
python,conversion-tools,markdown,3.10.2,transitive,https://pypi.org/simple,BSD-3-Clause,https://pypi.org/project/markdown/3.10.2/,approved,retain license and copyright notices,exact PyPI release metadata; classifiers normalized only when unambiguous
python,conversion-tools,markdown-it-py,4.2.0,transitive,https://pypi.org/simple,MIT,https://pypi.org/project/markdown-it-py/4.2.0/,approved,retain license and copyright notices,exact PyPI release metadata; classifiers normalized only when unambiguous
python,conversion-tools,markupsafe,3.0.3,transitive,https://pypi.org/simple,BSD-3-Clause,https://pypi.org/project/markupsafe/3.0.3/,approved,retain license and copyright notices,exact PyPI release metadata; classifiers normalized only when unambiguous
python,conversion-tools,mdurl,0.1.2,transitive,https://pypi.org/simple,MIT,https://pypi.org/project/mdurl/0.1.2/,approved,retain license and copyright notices,exact PyPI release metadata; classifiers normalized only when unambiguous
python,conversion-tools,ml-dtypes,0.5.4,transitive,https://pypi.org/simple,Apache-2.0,https://pypi.org/project/ml-dtypes/0.5.4/,approved,"retain license, copyright, attribution, and upstream NOTICE when present",exact PyPI release metadata; classifiers normalized only when unambiguous
python,conversion-tools,mpmath,1.3.0,transitive,https://pypi.org/simple,BSD-3-Clause,https://pypi.org/project/mpmath/1.3.0/,approved,retain license and copyright notices,exact PyPI release metadata; classifiers normalized only when unambiguous
python,conversion-tools,multipledispatch,1.0.0,transitive,https://pypi.org/simple,BSD-3-Clause,https://pypi.org/project/multipledispatch/1.0.0/,approved,retain license and copyright notices,exact PyPI release metadata; classifiers normalized only when unambiguous
python,conversion-tools,namex,0.1.0,transitive,https://pypi.org/simple,Apache-2.0,https://pypi.org/project/namex/0.1.0/,approved,"retain license, copyright, attribution, and upstream NOTICE when present",exact PyPI release metadata; classifiers normalized only when unambiguous
python,conversion-tools,networkx,3.4.2,transitive,https://pypi.org/simple,BSD-3-Clause,https://pypi.org/project/networkx/3.4.2/,approved,retain license and copyright notices,exact PyPI release metadata; classifiers normalized only when unambiguous
python,conversion-tools,numpy,2.2.6,direct-main,https://pypi.org/simple,BSD-3-Clause,https://pypi.org/project/numpy/2.2.6/,approved,retain license and copyright notices,exact PyPI release metadata; classifiers normalized only when unambiguous
python,conversion-tools,open-clip-torch,3.3.0,direct-main,https://pypi.org/simple,MIT,https://pypi.org/project/open-clip-torch/3.3.0/,approved,retain license and copyright notices,exact PyPI release metadata; classifiers normalized only when unambiguous
python,conversion-tools,opt-einsum,3.4.0,transitive,https://pypi.org/simple,MIT,https://pypi.org/project/opt-einsum/3.4.0/,approved,retain license and copyright notices,exact PyPI release metadata; classifiers normalized only when unambiguous
python,conversion-tools,optree,0.19.1,transitive,https://pypi.org/simple,Apache-2.0,https://pypi.org/project/optree/0.19.1/,approved,"retain license, copyright, attribution, and upstream NOTICE when present",exact PyPI release metadata; classifiers normalized only when unambiguous
python,conversion-tools,packaging,26.2,transitive,https://pypi.org/simple,Apache-2.0 OR BSD-2-Clause,https://pypi.org/project/packaging/26.2/,approved,"retain license, copyright, attribution, and upstream NOTICE when present",exact PyPI release metadata; classifiers normalized only when unambiguous
python,conversion-tools,pillow,12.3.0,direct-main,https://pypi.org/simple,MIT-CMU,https://pypi.org/project/pillow/12.3.0/,approved,retain license and copyright notices,exact PyPI release metadata; classifiers normalized only when unambiguous
python,conversion-tools,pluggy,1.6.0,transitive,https://pypi.org/simple,MIT,https://pypi.org/project/pluggy/1.6.0/,approved,retain license and copyright notices,exact PyPI release metadata; classifiers normalized only when unambiguous
python,conversion-tools,protobuf,7.36.0rc1,transitive,https://pypi.org/simple,BSD-3-Clause,https://pypi.org/project/protobuf/7.36.0rc1/,approved,retain license and copyright notices,exact PyPI release metadata; classifiers normalized only when unambiguous
python,conversion-tools,pygments,2.20.0,transitive,https://pypi.org/simple,BSD-2-Clause,https://pypi.org/project/pygments/2.20.0/,approved,retain license and copyright notices,exact PyPI release metadata; classifiers normalized only when unambiguous
python,conversion-tools,pytest,9.1.1,direct-dev,https://pypi.org/simple,MIT,https://pypi.org/project/pytest/9.1.1/,approved,retain license and copyright notices,exact PyPI release metadata; classifiers normalized only when unambiguous
python,conversion-tools,pyyaml,6.0.3,transitive,https://pypi.org/simple,MIT,https://pypi.org/project/pyyaml/6.0.3/,approved,retain license and copyright notices,exact PyPI release metadata; classifiers normalized only when unambiguous
python,conversion-tools,regex,2026.7.10,transitive,https://pypi.org/simple,Apache-2.0 AND CNRI-Python,https://pypi.org/project/regex/2026.7.10/,approved,"retain license, copyright, attribution, and upstream NOTICE when present",exact PyPI release metadata; classifiers normalized only when unambiguous
python,conversion-tools,requests,2.34.2,transitive,https://pypi.org/simple,Apache-2.0,https://pypi.org/project/requests/2.34.2/,approved,"retain license, copyright, attribution, and upstream NOTICE when present",exact PyPI release metadata; classifiers normalized only when unambiguous
python,conversion-tools,rich,15.0.0,transitive,https://pypi.org/simple,MIT,https://pypi.org/project/rich/15.0.0/,approved,retain license and copyright notices,exact PyPI release metadata; classifiers normalized only when unambiguous
python,conversion-tools,safetensors,0.8.0,transitive,https://pypi.org/simple,Apache-2.0,https://pypi.org/project/safetensors/0.8.0/,approved,"retain license, copyright, attribution, and upstream NOTICE when present",exact PyPI release metadata; classifiers normalized only when unambiguous
python,conversion-tools,scipy,1.15.3,transitive,https://pypi.org/simple,BSD-3-Clause,https://pypi.org/project/scipy/1.15.3/,approved,retain license and copyright notices,exact PyPI release metadata; classifiers normalized only when unambiguous
python,conversion-tools,setuptools,83.0.0,transitive,https://pypi.org/simple,MIT,https://pypi.org/project/setuptools/83.0.0/,approved,retain license and copyright notices,exact PyPI release metadata; classifiers normalized only when unambiguous
python,conversion-tools,six,1.17.0,transitive,https://pypi.org/simple,MIT,https://pypi.org/project/six/1.17.0/,approved,retain license and copyright notices,exact PyPI release metadata; classifiers normalized only when unambiguous
python,conversion-tools,sympy,1.14.0,transitive,https://pypi.org/simple,BSD-3-Clause,https://pypi.org/project/sympy/1.14.0/,approved,retain license and copyright notices,exact PyPI release metadata; classifiers normalized only when unambiguous
python,conversion-tools,tabulate,0.10.0,transitive,https://pypi.org/simple,MIT,https://pypi.org/project/tabulate/0.10.0/,approved,retain license and copyright notices,exact PyPI release metadata; classifiers normalized only when unambiguous
python,conversion-tools,tb-nightly,2.20.0a20250717,transitive,https://pypi.org/simple,Apache-2.0,https://pypi.org/project/tb-nightly/2.20.0a20250717/,approved,"retain license, copyright, attribution, and upstream NOTICE when present",exact PyPI release metadata; classifiers normalized only when unambiguous
python,conversion-tools,tensorboard-data-server,0.7.2,transitive,https://pypi.org/simple,Apache-2.0,https://pypi.org/project/tensorboard-data-server/0.7.2/,approved,"retain license, copyright, attribution, and upstream NOTICE when present",exact PyPI release metadata; classifiers normalized only when unambiguous
python,conversion-tools,termcolor,3.3.0,transitive,https://pypi.org/simple,MIT,https://pypi.org/project/termcolor/3.3.0/,approved,retain license and copyright notices,exact PyPI release metadata; classifiers normalized only when unambiguous
python,conversion-tools,timm,1.0.28,direct-main,https://pypi.org/simple,Apache-2.0,https://pypi.org/project/timm/1.0.28/,approved,"retain license, copyright, attribution, and upstream NOTICE when present",exact PyPI release metadata; classifiers normalized only when unambiguous
python,conversion-tools,tokenizers,0.23.0rc0,transitive,https://pypi.org/simple,Apache-2.0,https://pypi.org/project/tokenizers/0.23.0rc0/,approved,"retain license, copyright, attribution, and upstream NOTICE when present",exact PyPI release metadata; classifiers normalized only when unambiguous
python,conversion-tools,tomli,2.4.1,transitive,https://pypi.org/simple,MIT,https://pypi.org/project/tomli/2.4.1/,approved,retain license and copyright notices,exact PyPI release metadata; classifiers normalized only when unambiguous
python,conversion-tools,torch,2.9.1,direct-main,https://download.pytorch.org/whl/cpu,BSD-3-Clause,https://github.com/pytorch/pytorch/blob/v2.9.1/LICENSE,approved,retain license and copyright notices,PyTorch CPU index distribution
python,conversion-tools,torch,2.9.1+cpu,direct-main,https://download.pytorch.org/whl/cpu,BSD-3-Clause,https://github.com/pytorch/pytorch/blob/v2.9.1/LICENSE,approved,retain license and copyright notices,PyTorch CPU index distribution
python,conversion-tools,torch-xla2,0.0.1.dev202412041639,transitive,https://pypi.org/simple,BSD-3-Clause,https://pypi.org/project/torch-xla2/0.0.1.dev202412041639/,approved,retain license and copyright notices,exact PyPI release metadata; classifiers normalized only when unambiguous
python,conversion-tools,torchao,0.17.0,transitive,https://pypi.org/simple,BSD-3-Clause,https://pypi.org/project/torchao/0.17.0/,approved,retain license and copyright notices,exact PyPI release metadata; classifiers normalized only when unambiguous
python,conversion-tools,torchvision,0.24.1,direct-main,https://download.pytorch.org/whl/cpu,BSD-3-Clause,https://github.com/pytorch/vision/blob/v0.24.1/LICENSE,approved,retain license and copyright notices,PyTorch CPU index distribution
python,conversion-tools,torchvision,0.24.1+cpu,direct-main,https://download.pytorch.org/whl/cpu,BSD-3-Clause,https://github.com/pytorch/vision/blob/v0.24.1/LICENSE,approved,retain license and copyright notices,PyTorch CPU index distribution
python,conversion-tools,tqdm,4.68.4,transitive,https://pypi.org/simple,MPL-2.0 AND MIT,https://pypi.org/project/tqdm/4.68.4/,approved,retain MPL notices and provide source for modified MPL-covered files,exact PyPI release metadata; classifiers normalized only when unambiguous
python,conversion-tools,transformers,4.57.6,direct-main,https://pypi.org/simple,Apache-2.0,https://pypi.org/project/transformers/4.57.6/,approved,"retain license, copyright, attribution, and upstream NOTICE when present",exact PyPI release metadata; classifiers normalized only when unambiguous
python,conversion-tools,typing-extensions,4.16.0,transitive,https://pypi.org/simple,PSF-2.0,https://pypi.org/project/typing-extensions/4.16.0/,approved,retain license and copyright notices,exact PyPI release metadata; classifiers normalized only when unambiguous
python,conversion-tools,urllib3,2.7.0,transitive,https://pypi.org/simple,MIT,https://pypi.org/project/urllib3/2.7.0/,approved,retain license and copyright notices,exact PyPI release metadata; classifiers normalized only when unambiguous
python,conversion-tools,wadler-lindig,0.1.7,transitive,https://pypi.org/simple,Apache-2.0,https://pypi.org/project/wadler-lindig/0.1.7/,approved,"retain license, copyright, attribution, and upstream NOTICE when present",exact PyPI release metadata; classifiers normalized only when unambiguous
python,conversion-tools,wcwidth,0.8.2,transitive,https://pypi.org/simple,MIT,https://pypi.org/project/wcwidth/0.8.2/,approved,retain license and copyright notices,exact PyPI release metadata; classifiers normalized only when unambiguous
python,conversion-tools,werkzeug,3.1.8,transitive,https://pypi.org/simple,BSD-3-Clause,https://pypi.org/project/werkzeug/3.1.8/,approved,retain license and copyright notices,exact PyPI release metadata; classifiers normalized only when unambiguous
python,conversion-tools,wheel,0.47.0,transitive,https://pypi.org/simple,MIT,https://pypi.org/project/wheel/0.47.0/,approved,retain license and copyright notices,exact PyPI release metadata; classifiers normalized only when unambiguous
python,conversion-tools,wrapt,2.3.0rc1,transitive,https://pypi.org/simple,BSD-2-Clause,https://pypi.org/project/wrapt/2.3.0rc1/,approved,retain license and copyright notices,exact PyPI release metadata; classifiers normalized only when unambiguous
python,demo-tools,charset-normalizer,3.5.1,transitive,https://pypi.org/simple,MIT,https://pypi.org/project/charset-normalizer/3.5.1/,approved,retain license and copyright notices,exact PyPI release metadata
python,demo-tools,content-retrieval-demo-tools,0.1.0,project,virtual:.,Apache-2.0,LICENSE,project-owned,covered by the project Apache-2.0 LICENSE,project package
python,demo-tools,lxml,6.1.2,transitive,https://pypi.org/simple,BSD-3-Clause,https://pypi.org/project/lxml/6.1.2/,approved,retain license and copyright notices,exact PyPI release metadata
python,demo-tools,pillow,11.3.0,direct-main,https://pypi.org/simple,MIT-CMU,https://pypi.org/project/pillow/11.3.0/,approved,retain license and copyright notices,exact PyPI release metadata
python,demo-tools,pypdfium2,4.30.0,direct-main,https://pypi.org/simple,(Apache-2.0 OR BSD-3-Clause) AND LicenseRef-PdfiumThirdParty,https://pypi.org/project/pypdfium2/4.30.0/,approved,retain pypdfium2 and PDFium bundled third-party notices,exact PyPI release metadata; classifiers normalized only when unambiguous
python,demo-tools,python-docx,1.2.0,direct-main,https://pypi.org/simple,MIT,https://pypi.org/project/python-docx/1.2.0/,approved,retain license and copyright notices,exact PyPI release metadata
python,demo-tools,reportlab,4.5.1,direct-main,https://pypi.org/simple,BSD-3-Clause,https://pypi.org/project/reportlab/4.5.1/,approved,retain license and copyright notices,exact PyPI release metadata
python,demo-tools,tomli,2.4.1,direct-main,https://pypi.org/simple,MIT,https://pypi.org/project/tomli/2.4.1/,approved,retain license and copyright notices,exact PyPI release metadata; classifiers normalized only when unambiguous
python,demo-tools,typing-extensions,4.16.0,transitive,https://pypi.org/simple,PSF-2.0,https://pypi.org/project/typing-extensions/4.16.0/,approved,retain license and copyright notices,exact PyPI release metadata; classifiers normalized only when unambiguous
python,model-tools,annotated-doc,0.0.4,transitive,https://pypi.org/simple,MIT,https://pypi.org/project/annotated-doc/0.0.4/,approved,retain license and copyright notices,exact PyPI release metadata; classifiers normalized only when unambiguous
python,model-tools,anyio,4.14.1,transitive,https://pypi.org/simple,MIT,https://pypi.org/project/anyio/4.14.1/,approved,retain license and copyright notices,exact PyPI release metadata; classifiers normalized only when unambiguous
python,model-tools,certifi,2026.6.17,transitive,https://pypi.org/simple,MPL-2.0,https://pypi.org/project/certifi/2026.6.17/,approved,retain MPL notices and provide source for modified MPL-covered files,exact PyPI release metadata; classifiers normalized only when unambiguous
python,model-tools,click,8.4.2,transitive,https://pypi.org/simple,BSD-3-Clause,https://pypi.org/project/click/8.4.2/,approved,retain license and copyright notices,exact PyPI release metadata; classifiers normalized only when unambiguous
python,model-tools,colorama,0.4.6,transitive,https://pypi.org/simple,BSD-3-Clause,https://pypi.org/project/colorama/0.4.6/,approved,retain license and copyright notices,exact PyPI release metadata; classifiers normalized only when unambiguous
python,model-tools,content-retrieval-model-tools,0.1.0,project,virtual:.,Apache-2.0,LICENSE,project-owned,covered by the project Apache-2.0 LICENSE,project package
python,model-tools,cuda-bindings,13.3.1,transitive,https://pypi.org/simple,LicenseRef-NVIDIA-SOFTWARE-LICENSE,https://pypi.org/project/cuda-bindings/13.3.1/,restricted,exclude from the default CPU release; NVIDIA EULA applies,conditional Linux CUDA component; proprietary NVIDIA terms; not in default Windows CPU release
python,model-tools,cuda-pathfinder,1.5.6,transitive,https://pypi.org/simple,Apache-2.0,https://pypi.org/project/cuda-pathfinder/1.5.6/,approved,"retain license, copyright, attribution, and upstream NOTICE when present",exact PyPI release metadata; classifiers normalized only when unambiguous
python,model-tools,cuda-toolkit,13.0.3.0,transitive,https://pypi.org/simple,LicenseRef-NVIDIA-Proprietary,https://pypi.org/project/cuda-toolkit/13.0.3.0/,restricted,exclude from the default CPU release; NVIDIA EULA applies,conditional Linux CUDA component; proprietary NVIDIA terms; not in default Windows CPU release
python,model-tools,exceptiongroup,1.3.1,transitive,https://pypi.org/simple,MIT,https://pypi.org/project/exceptiongroup/1.3.1/,approved,retain license and copyright notices,exact PyPI release metadata; classifiers normalized only when unambiguous
python,model-tools,filelock,3.29.7,transitive,https://pypi.org/simple,MIT,https://pypi.org/project/filelock/3.29.7/,approved,retain license and copyright notices,exact PyPI release metadata; classifiers normalized only when unambiguous
python,model-tools,fsspec,2026.4.0,transitive,https://pypi.org/simple,BSD-3-Clause,https://pypi.org/project/fsspec/2026.4.0/,approved,retain license and copyright notices,exact PyPI release metadata; classifiers normalized only when unambiguous
python,model-tools,h11,0.16.0,transitive,https://pypi.org/simple,MIT,https://pypi.org/project/h11/0.16.0/,approved,retain license and copyright notices,exact PyPI release metadata; classifiers normalized only when unambiguous
python,model-tools,hf-xet,1.5.1,transitive,https://pypi.org/simple,Apache-2.0,https://pypi.org/project/hf-xet/1.5.1/,approved,"retain license, copyright, attribution, and upstream NOTICE when present",exact PyPI release metadata; classifiers normalized only when unambiguous
python,model-tools,httpcore,1.0.9,transitive,https://pypi.org/simple,BSD-3-Clause,https://pypi.org/project/httpcore/1.0.9/,approved,retain license and copyright notices,exact PyPI release metadata; classifiers normalized only when unambiguous
python,model-tools,httpx,0.28.1,transitive,https://pypi.org/simple,BSD-3-Clause,https://pypi.org/project/httpx/0.28.1/,approved,retain license and copyright notices,exact PyPI release metadata; classifiers normalized only when unambiguous
python,model-tools,huggingface-hub,1.23.0,transitive,https://pypi.org/simple,Apache-2.0,https://pypi.org/project/huggingface-hub/1.23.0/,approved,"retain license, copyright, attribution, and upstream NOTICE when present",exact PyPI release metadata; classifiers normalized only when unambiguous
python,model-tools,idna,3.18,transitive,https://pypi.org/simple,BSD-3-Clause,https://pypi.org/project/idna/3.18/,approved,retain license and copyright notices,exact PyPI release metadata; classifiers normalized only when unambiguous
python,model-tools,iniconfig,2.3.0,transitive,https://pypi.org/simple,MIT,https://pypi.org/project/iniconfig/2.3.0/,approved,retain license and copyright notices,exact PyPI release metadata; classifiers normalized only when unambiguous
python,model-tools,jinja2,3.1.6,transitive,https://pypi.org/simple,BSD-3-Clause,https://pypi.org/project/jinja2/3.1.6/,approved,retain license and copyright notices,exact PyPI release metadata; classifiers normalized only when unambiguous
python,model-tools,joblib,1.5.3,transitive,https://pypi.org/simple,BSD-3-Clause,https://pypi.org/project/joblib/1.5.3/,approved,retain license and copyright notices,exact PyPI release metadata; classifiers normalized only when unambiguous
python,model-tools,markdown-it-py,4.2.0,transitive,https://pypi.org/simple,MIT,https://pypi.org/project/markdown-it-py/4.2.0/,approved,retain license and copyright notices,exact PyPI release metadata; classifiers normalized only when unambiguous
python,model-tools,markupsafe,3.0.3,transitive,https://pypi.org/simple,BSD-3-Clause,https://pypi.org/project/markupsafe/3.0.3/,approved,retain license and copyright notices,exact PyPI release metadata; classifiers normalized only when unambiguous
python,model-tools,mdurl,0.1.2,transitive,https://pypi.org/simple,MIT,https://pypi.org/project/mdurl/0.1.2/,approved,retain license and copyright notices,exact PyPI release metadata; classifiers normalized only when unambiguous
python,model-tools,mpmath,1.3.0,transitive,https://pypi.org/simple,BSD-3-Clause,https://pypi.org/project/mpmath/1.3.0/,approved,retain license and copyright notices,exact PyPI release metadata; classifiers normalized only when unambiguous
python,model-tools,networkx,3.4.2,transitive,https://pypi.org/simple,BSD-3-Clause,https://pypi.org/project/networkx/3.4.2/,approved,retain license and copyright notices,exact PyPI release metadata; classifiers normalized only when unambiguous
python,model-tools,numpy,2.2.6,direct-main,https://pypi.org/simple,BSD-3-Clause,https://pypi.org/project/numpy/2.2.6/,approved,retain license and copyright notices,exact PyPI release metadata; classifiers normalized only when unambiguous
python,model-tools,nvidia-cublas,13.1.1.3,transitive,https://pypi.org/simple,LicenseRef-NVIDIA-Proprietary,https://pypi.org/project/nvidia-cublas/13.1.1.3/,restricted,exclude from the default CPU release; NVIDIA EULA applies,conditional Linux CUDA component; proprietary NVIDIA terms; not in default Windows CPU release
python,model-tools,nvidia-cuda-cupti,13.0.85,transitive,https://pypi.org/simple,LicenseRef-NVIDIA-Proprietary,https://pypi.org/project/nvidia-cuda-cupti/13.0.85/,restricted,exclude from the default CPU release; NVIDIA EULA applies,conditional Linux CUDA component; proprietary NVIDIA terms; not in default Windows CPU release
python,model-tools,nvidia-cuda-nvrtc,13.0.88,transitive,https://pypi.org/simple,LicenseRef-NVIDIA-Proprietary,https://pypi.org/project/nvidia-cuda-nvrtc/13.0.88/,restricted,exclude from the default CPU release; NVIDIA EULA applies,conditional Linux CUDA component; proprietary NVIDIA terms; not in default Windows CPU release
python,model-tools,nvidia-cuda-runtime,13.0.96,transitive,https://pypi.org/simple,LicenseRef-NVIDIA-Proprietary,https://pypi.org/project/nvidia-cuda-runtime/13.0.96/,restricted,exclude from the default CPU release; NVIDIA EULA applies,conditional Linux CUDA component; proprietary NVIDIA terms; not in default Windows CPU release
python,model-tools,nvidia-cudnn-cu13,9.20.0.48,transitive,https://pypi.org/simple,LicenseRef-NVIDIA-Proprietary,https://pypi.org/project/nvidia-cudnn-cu13/9.20.0.48/,restricted,exclude from the default CPU release; NVIDIA EULA applies,conditional Linux CUDA component; proprietary NVIDIA terms; not in default Windows CPU release
python,model-tools,nvidia-cufft,12.0.0.61,transitive,https://pypi.org/simple,LicenseRef-NVIDIA-Proprietary,https://pypi.org/project/nvidia-cufft/12.0.0.61/,restricted,exclude from the default CPU release; NVIDIA EULA applies,conditional Linux CUDA component; proprietary NVIDIA terms; not in default Windows CPU release
python,model-tools,nvidia-cufile,1.15.1.6,transitive,https://pypi.org/simple,LicenseRef-NVIDIA-Proprietary,https://pypi.org/project/nvidia-cufile/1.15.1.6/,restricted,exclude from the default CPU release; NVIDIA EULA applies,conditional Linux CUDA component; proprietary NVIDIA terms; not in default Windows CPU release
python,model-tools,nvidia-curand,10.4.0.35,transitive,https://pypi.org/simple,LicenseRef-NVIDIA-Proprietary,https://pypi.org/project/nvidia-curand/10.4.0.35/,restricted,exclude from the default CPU release; NVIDIA EULA applies,conditional Linux CUDA component; proprietary NVIDIA terms; not in default Windows CPU release
python,model-tools,nvidia-cusolver,12.0.4.66,transitive,https://pypi.org/simple,LicenseRef-NVIDIA-Proprietary,https://pypi.org/project/nvidia-cusolver/12.0.4.66/,restricted,exclude from the default CPU release; NVIDIA EULA applies,conditional Linux CUDA component; proprietary NVIDIA terms; not in default Windows CPU release
python,model-tools,nvidia-cusparse,12.6.3.3,transitive,https://pypi.org/simple,LicenseRef-NVIDIA-Proprietary,https://pypi.org/project/nvidia-cusparse/12.6.3.3/,restricted,exclude from the default CPU release; NVIDIA EULA applies,conditional Linux CUDA component; proprietary NVIDIA terms; not in default Windows CPU release
python,model-tools,nvidia-cusparselt-cu13,0.8.1,transitive,https://pypi.org/simple,LicenseRef-NVIDIA-Proprietary,https://pypi.org/project/nvidia-cusparselt-cu13/0.8.1/,restricted,exclude from the default CPU release; NVIDIA EULA applies,conditional Linux CUDA component; proprietary NVIDIA terms; not in default Windows CPU release
python,model-tools,nvidia-nccl-cu13,2.29.7,transitive,https://pypi.org/simple,LicenseRef-NVIDIA-Proprietary,https://pypi.org/project/nvidia-nccl-cu13/2.29.7/,restricted,exclude from the default CPU release; NVIDIA EULA applies,conditional Linux CUDA component; proprietary NVIDIA terms; not in default Windows CPU release
python,model-tools,nvidia-nvjitlink,13.3.33,transitive,https://pypi.org/simple,LicenseRef-NVIDIA-Proprietary,https://pypi.org/project/nvidia-nvjitlink/13.3.33/,restricted,exclude from the default CPU release; NVIDIA EULA applies,conditional Linux CUDA component; proprietary NVIDIA terms; not in default Windows CPU release
python,model-tools,nvidia-nvshmem-cu13,3.4.5,transitive,https://pypi.org/simple,LicenseRef-NVIDIA-Proprietary,https://pypi.org/project/nvidia-nvshmem-cu13/3.4.5/,restricted,exclude from the default CPU release; NVIDIA EULA applies,conditional Linux CUDA component; proprietary NVIDIA terms; not in default Windows CPU release
python,model-tools,nvidia-nvtx,13.0.85,transitive,https://pypi.org/simple,LicenseRef-NVIDIA-Proprietary,https://pypi.org/project/nvidia-nvtx/13.0.85/,restricted,exclude from the default CPU release; NVIDIA EULA applies,conditional Linux CUDA component; proprietary NVIDIA terms; not in default Windows CPU release
python,model-tools,packaging,26.2,transitive,https://pypi.org/simple,Apache-2.0 OR BSD-2-Clause,https://pypi.org/project/packaging/26.2/,approved,"retain license, copyright, attribution, and upstream NOTICE when present",exact PyPI release metadata; classifiers normalized only when unambiguous
python,model-tools,pluggy,1.6.0,transitive,https://pypi.org/simple,MIT,https://pypi.org/project/pluggy/1.6.0/,approved,retain license and copyright notices,exact PyPI release metadata; classifiers normalized only when unambiguous
python,model-tools,pygments,2.20.0,transitive,https://pypi.org/simple,BSD-2-Clause,https://pypi.org/project/pygments/2.20.0/,approved,retain license and copyright notices,exact PyPI release metadata; classifiers normalized only when unambiguous
python,model-tools,pytest,8.4.2,direct-dev,https://pypi.org/simple,MIT,https://pypi.org/project/pytest/8.4.2/,approved,retain license and copyright notices,exact PyPI release metadata; classifiers normalized only when unambiguous
python,model-tools,pyyaml,6.0.3,transitive,https://pypi.org/simple,MIT,https://pypi.org/project/pyyaml/6.0.3/,approved,retain license and copyright notices,exact PyPI release metadata; classifiers normalized only when unambiguous
python,model-tools,regex,2026.7.10,transitive,https://pypi.org/simple,Apache-2.0 AND CNRI-Python,https://pypi.org/project/regex/2026.7.10/,approved,"retain license, copyright, attribution, and upstream NOTICE when present",exact PyPI release metadata; classifiers normalized only when unambiguous
python,model-tools,rich,15.0.0,transitive,https://pypi.org/simple,MIT,https://pypi.org/project/rich/15.0.0/,approved,retain license and copyright notices,exact PyPI release metadata; classifiers normalized only when unambiguous
python,model-tools,safetensors,0.8.0,transitive,https://pypi.org/simple,Apache-2.0,https://pypi.org/project/safetensors/0.8.0/,approved,"retain license, copyright, attribution, and upstream NOTICE when present",exact PyPI release metadata; classifiers normalized only when unambiguous
python,model-tools,scikit-learn,1.7.2,transitive,https://pypi.org/simple,BSD-3-Clause,https://pypi.org/project/scikit-learn/1.7.2/,approved,retain license and copyright notices,exact PyPI release metadata; classifiers normalized only when unambiguous
python,model-tools,scipy,1.15.3,transitive,https://pypi.org/simple,BSD-3-Clause,https://pypi.org/project/scipy/1.15.3/,approved,retain license and copyright notices,exact PyPI release metadata; classifiers normalized only when unambiguous
python,model-tools,sentence-transformers,5.6.0,direct-main,https://pypi.org/simple,Apache-2.0,https://pypi.org/project/sentence-transformers/5.6.0/,approved,"retain license, copyright, attribution, and upstream NOTICE when present",exact PyPI release metadata; classifiers normalized only when unambiguous
python,model-tools,setuptools,83.0.0,transitive,https://pypi.org/simple,MIT,https://pypi.org/project/setuptools/83.0.0/,approved,retain license and copyright notices,exact PyPI release metadata; classifiers normalized only when unambiguous
python,model-tools,shellingham,1.5.4,transitive,https://pypi.org/simple,ISC,https://pypi.org/project/shellingham/1.5.4/,approved,retain license and copyright notices,exact PyPI release metadata; classifiers normalized only when unambiguous
python,model-tools,sympy,1.14.0,transitive,https://pypi.org/simple,BSD-3-Clause,https://pypi.org/project/sympy/1.14.0/,approved,retain license and copyright notices,exact PyPI release metadata; classifiers normalized only when unambiguous
python,model-tools,threadpoolctl,3.6.0,transitive,https://pypi.org/simple,BSD-3-Clause,https://pypi.org/project/threadpoolctl/3.6.0/,approved,retain license and copyright notices,exact PyPI release metadata; classifiers normalized only when unambiguous
python,model-tools,tokenizers,0.22.2,transitive,https://pypi.org/simple,Apache-2.0,https://pypi.org/project/tokenizers/0.22.2/,approved,"retain license, copyright, attribution, and upstream NOTICE when present",exact PyPI release metadata; classifiers normalized only when unambiguous
python,model-tools,tomli,2.4.1,transitive,https://pypi.org/simple,MIT,https://pypi.org/project/tomli/2.4.1/,approved,retain license and copyright notices,exact PyPI release metadata; classifiers normalized only when unambiguous
python,model-tools,torch,2.13.0,transitive,https://pypi.org/simple,Apache-2.0 AND Apache-2.0 WITH LLVM-exception AND BSD-2-Clause AND BSD-3-Clause AND BSL-1.0 AND MIT,https://pypi.org/project/torch/2.13.0/,approved,"retain license, copyright, attribution, and upstream NOTICE when present",exact PyPI release metadata; classifiers normalized only when unambiguous
python,model-tools,tqdm,4.68.4,transitive,https://pypi.org/simple,MPL-2.0 AND MIT,https://pypi.org/project/tqdm/4.68.4/,approved,retain MPL notices and provide source for modified MPL-covered files,exact PyPI release metadata; classifiers normalized only when unambiguous
python,model-tools,transformers,5.13.0,transitive,https://pypi.org/simple,Apache-2.0,https://pypi.org/project/transformers/5.13.0/,approved,"retain license, copyright, attribution, and upstream NOTICE when present",exact PyPI release metadata; classifiers normalized only when unambiguous
python,model-tools,triton,3.7.1,transitive,https://pypi.org/simple,MIT,https://pypi.org/project/triton/3.7.1/,approved,retain license and copyright notices,exact PyPI release metadata; classifiers normalized only when unambiguous
python,model-tools,typer,0.26.8,transitive,https://pypi.org/simple,MIT,https://pypi.org/project/typer/0.26.8/,approved,retain license and copyright notices,exact PyPI release metadata; classifiers normalized only when unambiguous
python,model-tools,typing-extensions,4.16.0,transitive,https://pypi.org/simple,PSF-2.0,https://pypi.org/project/typing-extensions/4.16.0/,approved,retain license and copyright notices,exact PyPI release metadata; classifiers normalized only when unambiguous
